partido_codigo,fecha_inicio
P-01,2030-06-08 18:00:00.000+0000
P-02,2030-06-09 18:00:00.000+0000
P-03,2030-06-10 18:00:00.000+0000
P-04,2030-06-11 18:00:00.000+0000
P-05,2030-06-12 18:00:00.000+0000
P-06,2030-06-13 18:00:00.000+0000
P-07,2030-06-14 18:00:00.000+0000
P-08,2030-06-15 18:00:00.000+0000
P-09,2030-06-16 18:00:00.000+0000
P-10,2030-06-17 18:00:00.000+0000
P-11,2030-06-18 18:00:00.000+0000
P-12,2030-06-19 18:00:00.000+0000
P-13,2030-06-20 18:00:00.000+0000
P-14,2030-06-21 18:00:00.000+0000
P-15,2030-06-22 18:00:00.000+0000
P-16,2030-06-23 18:00:00.000+0000
P-17,2030-06-24 18:00:00.000+0000
P-18,2030-06-25 18:00:00.000+0000
P-19,2030-06-26 18:00:00.000+0000
P-20,2030-06-27 18:00:00.000+0000
P-21,2030-06-28 18:00:00.000+0000
P-22,2030-06-29 18:00:00.000+0000
P-23,2030-06-30 18:00:00.000+0000
P-24,2030-07-01 18:00:00.000+0000
P-25,2030-07-02 18:00:00.000+0000
P-26,2030-07-03 18:00:00.000+0000
P-27,2030-07-04 18:00:00.000+0000
P-28,2030-07-05 18:00:00.000+0000
P-29,2030-07-06 18:00:00.000+0000
P-30,2030-07-07 18:00:00.000+0000
P-31,2030-07-08 18:00:00.000+0000
P-32,2030-07-09 18:00:00.000+0000
